Name, Address
RWIC000003,0x0013A200415C2092 
RWIC000010,0x0013A20041571364 
RWIC000011,0x0013A200415C2089 
RWIC000013,0x0013A20041571381 
RWIC000014,0x0013A200415C208F 
RWIC000015,0x0013A200415713AF 
RWIC000016,0x0013a200415c2095 
RWIC000018,0x0013a2004157136A 
RWIC000019,0x0013a2004157135D 
RWIC000020,0x0013a200415c20e6 
RWIC000021,0x0013A200415CE4AF 
RWIC000022,0x0013A200415CE559 
RWIC000023,0x0013A200415CE55E 
RWIC000024,0X0013A200415CE55B 
RWIC000025,0x0013a200415ce4ae 
RWIC000026,0x0013a200415ce574 
RWIC000027,0x0013A200415CE4B7 
RWIC000028,0x0013A200415CE4C5 
RWIC000029,0x0013A200415CE4BB 
RWIC000030,0x0013A200415CE4Aa 